,ED,NSE,logNSE,NSEfdc,NSErunoff,beta,Ce,Drainagecapacity,Interceptionstoragecapacity,Kf,Meltfactor,Mm,Ratio_Pref,Soilstoragecapacity,Temp_Thresh
0,0.36102346728938134,0.37720197469215644,0.6597463432833013,0.8669823551843772,0.9971450628976584,1.093,0.545,0.0,9.24,0.656,2.726,0.6579,0.356,176.98,0.58
1,0.519228826651483,0.1620243316650003,0.4332481608438674,0.8771957951309226,0.8002437558882622,1.038,0.762,0.0,7.139,0.638,2.731,0.2073,0.516,468.87,-1.734
2,0.5174278408953715,0.2101320539188699,0.44150302958239984,0.639287169627222,0.9292730749503256,1.905,0.539,0.0,9.541,0.631,3.73,0.2199,0.345,618.59,-0.176
3,0.3505546987567491,0.4124504117690724,0.6303410141039731,0.9359763956054479,0.9252130968814809,0.755,0.694,0.0,6.701,0.908,4.916,0.9147,0.475,324.61,-0.008
4,0.5543768545149,0.19022537889693514,0.36106735878765917,0.6540352305721436,0.7862868543751259,0.198,0.76,0.0,9.922,0.642,3.508,0.222,0.15,55.83,-1.976
5,0.4884414575050095,0.4306835834215339,0.3329122059853985,0.5895488595579554,0.8707607496180666,0.505,0.576,0.0,2.107,0.368,2.623,0.1836,0.708,328.75,1.599
6,0.5353285827646791,0.37799510158327176,0.21453163094403693,0.6368647326017323,0.897097661692706,0.735,0.653,0.0,9.471,0.307,3.185,0.4365,0.853,407.05,0.604
7,0.6310023579043271,0.24462173826817435,0.14033922366333074,0.47938835913337696,0.8904260366296586,1.984,0.611,0.0,6.089,0.951,1.389,0.8704,0.618,417.0,1.065
8,0.6691123034058849,0.2571369432092997,0.2578305630643677,0.5148128680069393,0.3271125272684242,0.375,0.527,0.0,4.656,0.225,1.45,0.67,0.669,76.93,1.701
9,0.6352376810245471,0.002812081626413221,0.254157955994178,0.7741077455954174,0.8885718356214953,0.335,0.456,0.0,2.209,0.133,1.183,0.3906,0.138,616.31,-1.741
10,0.5407351054375995,0.1001764265956564,0.5053306310937731,0.6605946329902418,0.9987485739446904,0.354,0.628,0.0,5.774,0.322,1.229,0.1366,0.392,148.27,0.971
11,0.5039070624558086,0.2871975448158083,0.3596320229082206,0.6877132161104489,0.997209161763844,0.311,0.443,0.0,7.233,0.536,1.85,0.9912,0.784,332.84,1.345
12,0.47400636008633906,0.3003803874278129,0.49003046337679124,0.8191475599438994,0.6587025022716871,0.202,0.768,0.0,2.967,0.202,4.975,0.857,0.782,120.26,-1.357
13,0.6063651718096684,0.10336484910470811,0.3904259362937048,0.4566979930867995,0.9983621188277733,0.305,0.621,0.0,1.504,0.111,2.838,0.1948,0.205,248.79,0.144
14,0.4568644043319338,0.27259568232284526,0.4943890047570427,0.9513340356987168,0.7814309266731084,1.596,0.546,0.0,3.14,0.769,4.195,0.1473,0.668,130.93,-0.486
15,0.3358539914514824,0.5089294293828659,0.6642751846909452,0.8581117340891634,0.7221549400261924,1.052,0.621,0.0,7.175,0.452,4.356,0.2021,0.395,689.49,1.638
16,0.6329743689843788,0.09078124399485643,0.17105487944930997,0.731743200975963,0.8702473977689533,1.985,0.464,0.0,3.474,0.501,1.254,0.8136,0.689,277.78,-0.636
17,0.5567411356579183,0.14823280867549726,0.4304378986306363,0.5646366078863103,0.9801719943307738,0.736,0.502,0.0,8.199,0.495,3.287,0.7129,0.286,463.24,0.568
18,0.4648314819926866,0.37286846721320055,0.3912702522527044,0.6831067190500332,0.9975484929476267,0.245,0.533,0.0,5.035,0.252,2.26,0.1496,0.744,671.45,1.105
19,0.38017637265613363,0.35270582981562926,0.6220223510488225,0.8725044044911757,0.9950680056347223,0.427,0.531,0.0,8.48,0.236,3.315,0.1429,0.161,415.62,0.495
20,0.4584080678285789,0.2661874238706098,0.5102639288908235,0.7918754422671398,0.8624729886941451,0.274,0.719,0.0,4.031,0.653,3.231,0.0716,0.192,444.69,-1.01
21,0.408260577852766,0.3236151275275748,0.5573061122574813,0.8998845824197714,0.9433490783542818,0.644,0.771,0.0,2.097,0.912,4.978,0.0056,0.54,605.0,-0.913
22,0.47958088199990606,0.29590360719343967,0.4901682190364379,0.6540537908470755,0.7887363385523563,1.327,0.519,0.0,9.854,0.281,4.283,0.2832,0.336,715.52,-1.699
23,0.4089289485619024,0.3883373968783116,0.49338593614054926,0.8809437365240909,0.8453125853304833,1.782,0.681,0.0,8.703,0.299,3.773,0.1103,0.701,258.57,0.244
24,0.4430266011180187,0.2798735466329081,0.4963969359438948,0.8870173884038044,0.9887282785753305,1.093,0.724,0.0,5.927,0.912,2.444,0.2279,0.502,174.26,0.053
25,0.4577239930044039,0.26853187568870984,0.503890925403156,0.8679219498978914,0.8014286702769167,1.233,0.643,0.0,4.278,0.617,4.162,0.4534,0.604,650.85,-0.761
26,0.41518692851049327,0.2889222257530518,0.6134094755082422,0.8144702709473214,0.9960468485048801,1.954,0.601,0.0,8.001,0.712,1.784,0.5985,0.396,210.61,0.64
27,0.5712977757177979,0.25353693183669135,0.35357180475515926,0.42898812418974763,0.9337164567574411,1.497,0.413,0.0,5.859,0.843,4.942,0.9555,0.12,100.34,-1.273
28,0.446504303815657,0.23579507976777658,0.6080734943323496,0.7662259344789125,0.9278992812701111,1.903,0.63,0.0,6.26,0.645,1.413,0.8236,0.264,661.33,0.912
29,0.41645300511619243,0.3261520935777559,0.5311992077479455,0.8752883415262181,0.9341650524709498,0.125,0.475,0.0,6.539,0.915,3.291,0.0778,0.103,494.64,-0.31
30,0.5500522820681278,0.4074605251433028,0.2240786474366746,0.5169278021335482,0.8460054252424913,0.621,0.518,0.0,6.766,0.318,2.547,0.9417,0.583,310.9,1.47
31,0.5688777241252395,0.19292379204901589,0.3887007241663927,0.48981315934854597,0.9044069167015565,0.786,0.763,0.0,6.684,0.351,3.716,0.8047,0.262,637.32,-1.076
32,0.5278176830781274,0.17107808852971773,0.41688252987857877,0.7077720042711031,0.9572062444301859,0.855,0.518,0.0,1.724,0.835,2.876,0.7365,0.364,615.02,-1.771
33,0.6944176441082454,0.4045563983716054,0.07356253922660083,0.31304191955509775,0.5059224736315362,0.385,0.417,0.0,9.683,0.405,2.262,0.0348,0.519,169.48,1.838
34,0.47603171881795475,0.23455920649228557,0.5054678826500074,0.7781698142195377,0.8364318658683039,1.812,0.433,0.0,9.151,0.195,3.148,0.7138,0.397,549.99,-1.195
35,0.5085426421421696,0.26403754823073244,0.33540928698215966,0.7741148004345044,0.9891923230424748,1.466,0.695,0.0,3.033,0.927,2.451,0.0658,0.688,402.48,1.163
36,0.31559247949200847,0.4403181121686571,0.7265561951739193,0.8981410485148379,0.9980311206794316,0.501,0.773,0.0,9.329,0.233,4.288,0.9001,0.493,272.54,1.162
37,0.3693694111415046,0.3881391382695286,0.6316879558955668,0.8219187360402133,0.9367968748823983,1.658,0.445,0.0,9.704,0.753,3.797,0.14,0.286,345.13,-0.358
38,0.622743892559525,0.02914759350229945,0.2572977949074393,0.78552009099005,0.8947515754981953,0.142,0.696,0.0,9.447,0.278,1.255,0.1429,0.348,560.51,-0.919
39,0.6212419955186886,0.08237131850106127,0.22733075978582684,0.6781639576436007,0.9664161059150238,0.706,0.713,0.0,7.474,0.268,1.024,0.5132,0.575,171.65,0.067
40,0.4626411264773554,0.31193070893433794,0.4811200837092273,0.9021704249952468,0.6776633668820549,1.475,0.697,0.0,9.06,0.311,3.718,0.0625,0.68,202.36,-0.632
41,0.4397265866596201,0.25852127625852006,0.5620768649520355,0.8227760306886771,0.9785016560803126,1.186,0.476,0.0,4.22,0.217,2.308,0.1744,0.487,690.53,-0.251
42,0.516943064703673,0.2988193880502986,0.30447790733312063,0.8292932702097036,0.746278678421909,1.95,0.661,0.0,4.877,0.553,3.892,0.7348,0.802,125.44,0.103
43,0.57039988155358,0.17532178035262957,0.406448288010439,0.4822217534836106,0.9694715514106886,0.736,0.522,0.0,1.792,0.12,3.597,0.7302,0.19,422.2,-1.081
44,0.373158073962987,0.3845862208698341,0.6504345348787983,0.7632699383540625,0.9959334757469958,1.549,0.776,0.0,4.09,0.135,4.506,0.0021,0.287,53.98,0.706
45,0.4583648927591528,0.24711649371137434,0.5058934083845267,0.8946325551178929,0.864662262113852,0.959,0.626,0.0,8.093,0.765,3.561,0.8258,0.588,589.13,-0.566
46,0.45072523232150524,0.28493767889251853,0.5357554640758566,0.87192431494149,0.7366135028160123,0.313,0.692,0.0,1.881,0.385,3.36,0.9585,0.515,275.7,-0.735
47,0.4067664853292547,0.33807476566105354,0.5538106679647424,0.9374682937963341,0.8561398450196195,0.242,0.431,0.0,9.887,0.89,4.338,0.9242,0.504,647.67,-0.405
48,0.5687046429649938,0.49423140997124415,0.1497105637648275,0.4643832397065101,0.8326065181087764,1.494,0.435,0.0,7.431,0.325,4.402,0.9591,0.822,133.01,1.957
49,0.4383476663683329,0.2792157262826379,0.5473430541520814,0.8170881739041087,0.896512365695756,0.635,0.502,0.0,8.089,0.703,3.147,0.7999,0.329,310.0,-0.885
50,0.28103768123231176,0.5232956181773516,0.7363949960800777,0.9162731379597513,0.8896194767085448,1.327,0.401,0.0,4.455,0.459,4.901,0.6137,0.504,389.64,1.768
51,0.4567625983899172,0.2708407269132197,0.5147343746173032,0.8166712028517069,0.8162532596716522,0.954,0.788,0.0,6.734,0.127,3.58,0.114,0.494,279.1,-1.097
52,0.4693767612424403,0.2231542789031381,0.509058530563435,0.8084399769217161,0.992919552487201,1.352,0.761,0.0,3.486,0.6,1.49,0.3154,0.194,729.59,-0.331
53,0.5472222984211385,0.4170135304684319,0.1918513365502137,0.5498798991973997,0.952847221522451,1.068,0.617,0.0,8.429,0.46,2.925,0.786,0.775,565.08,1.26
54,0.5192433869663834,0.20061336955298825,0.4416951341711919,0.8992343069995974,0.6571038836587922,1.668,0.735,0.0,6.694,0.336,3.183,0.3171,0.652,111.09,-1.196
55,0.46412090918849136,0.22174131780046602,0.5373200247982266,0.7992547305979009,0.9603153137240915,0.255,0.496,0.0,1.631,0.269,2.075,0.594,0.432,362.32,-0.175
56,0.6126093166275918,0.03041503959205405,0.3614796363523528,0.6083912126044531,0.9999183404174427,0.36,0.513,0.0,4.912,0.821,1.182,0.3154,0.124,113.96,-0.724
57,0.2710896766512187,0.5264255049720366,0.7473716169821467,0.9319604798163079,0.9648549776865002,1.091,0.516,0.0,2.684,0.533,4.828,0.6199,0.384,508.13,0.777
58,0.46653920435675444,0.2219284179350881,0.6088802419825402,0.7218537939482883,0.8131847090365955,0.419,0.628,0.0,6.278,0.686,2.514,0.2095,0.162,605.37,1.366
59,0.5057812882934578,0.323379281966513,0.49276519011383524,0.7060102121883486,0.529121987579358,1.354,0.626,0.0,3.557,0.63,1.697,0.2246,0.297,640.02,1.41
60,0.4349145076061236,0.2791798100864723,0.552330581567003,0.8087514110455709,0.9939305238335066,1.743,0.632,0.0,3.623,0.119,1.89,0.244,0.599,359.64,0.455
61,0.6076642882194765,0.3385811080047738,0.6959571240008803,0.8515128075440488,0.03820060238547007,1.935,0.466,0.0,9.584,0.101,2.92,0.1751,0.265,631.3,1.466
62,0.6046579888804576,0.057623273344154735,0.3266609046735871,0.6734837249726631,0.8801132869224731,1.602,0.437,0.0,4.827,0.223,1.757,0.2792,0.321,149.8,-1.901
63,0.36178041767214386,0.4558953445967806,0.536933545944638,0.885720385710247,0.9998121195965783,1.994,0.647,0.0,9.555,0.871,4.697,0.2874,0.666,243.1,1.521
64,0.46272124708354373,0.27832805660755733,0.5481356748940024,0.6374419989884729,0.998065128065872,1.316,0.523,0.0,1.327,0.591,3.863,0.246,0.205,437.5,0.598
65,0.4123105382961692,0.3579046718567709,0.5660411371434723,0.8022795635340111,0.7992517898238832,1.708,0.449,0.0,6.547,0.505,4.132,0.7368,0.527,714.03,-0.738
66,0.3248183171522659,0.4337907542076167,0.7007867318816521,0.8951776263647978,0.9696926283363249,1.8,0.457,0.0,7.554,0.239,4.062,0.6439,0.147,386.33,1.114
67,0.4755407757282835,0.5038928557337429,0.32669500374576643,0.5848200628144254,0.81911379072279,0.836,0.788,0.0,4.11,0.26,4.753,0.7315,0.719,476.78,1.922
68,0.4516464179322867,0.23311331491203346,0.5764920412622715,0.7798556792602725,0.9995035215011916,1.176,0.695,0.0,1.643,0.30300000000000005,1.456,0.9616,0.393,737.07,0.457
69,0.4906351620830883,0.24568072869255464,0.47081659327313374,0.7257339093619333,0.8034372375182474,1.315,0.413,0.0,4.039,0.551,3.46,0.9161,0.315,723.59,-1.925
70,0.4645176361612111,0.28495354186713484,0.4252192359467898,0.8542331515221935,0.9860644666374733,1.836,0.413,0.0,5.584,0.92,2.411,0.3423,0.489,392.06,-0.128
71,0.5436371848946204,0.1464794428641959,0.35337475076421054,0.8791673381959166,0.8552814157087265,0.472,0.479,0.0,4.504,0.634,2.509,0.5224,0.721,261.61,-0.424
72,0.6128748076405147,0.15623457639101346,0.15919422198895927,0.7868740175152341,0.8046925794121205,1.264,0.645,0.0,7.69,0.612,2.871,0.5042,0.874,174.49,-0.121
73,0.43897925138956434,0.2534664122388185,0.6251683158024445,0.7673767632818709,0.8625722982547085,1.241,0.656,0.0,5.525,0.982,2.005,0.5573,0.23,614.4,0.745
74,0.46462865267988407,0.27705789802633607,0.5383391216370668,0.6426921839678397,0.9913852016918134,0.153,0.427,0.0,4.44,0.616,3.737,0.0532,0.205,454.51,0.161
75,0.4129975264063613,0.29211899834269095,0.6346129694646099,0.781678452705366,0.9994214957702194,1.345,0.581,0.0,9.038,0.572,2.554,0.911,0.191,710.69,0.343
76,0.45323213791818434,0.30004212073735337,0.5228554935696949,0.830224666739247,0.7256901262709068,0.501,0.647,0.0,8.468,0.473,4.756,0.4496,0.628,662.45,-1.206
77,0.44276635680736043,0.3477373891581622,0.43331466876469127,0.8615110361689715,0.8643157502162578,0.649,0.685,0.0,4.536,0.384,3.0,0.7745,0.683,367.79,0.058
78,0.41390896916269865,0.32184095080889796,0.5386748650612858,0.8882947203594371,0.9908406666327421,0.878,0.795,0.0,2.084,0.905,2.423,0.1541,0.394,624.92,-0.188
79,0.5393780609695868,0.20684537156352234,0.38531020647952474,0.6209807767655173,0.8854513545626864,1.455,0.402,0.0,8.352,0.747,4.152,0.2246,0.386,524.77,-1.631
80,0.33634425301281706,0.465171432782423,0.6103552019387593,0.8909039827827401,0.9476242403573986,1.394,0.56,0.0,3.947,0.68,4.536,0.917,0.237,483.99,0.472
81,0.41506972186244423,0.2960297539994934,0.59352914957923,0.8316585884786581,0.9999245078042678,0.405,0.461,0.0,1.035,0.11,2.995,0.4454,0.454,373.5,0.103
82,0.5860435725905498,0.2630568636040882,0.38934276965237813,0.7067333363141644,0.3902496407442736,1.681,0.786,0.0,8.241,0.76,1.635,0.2403,0.69,545.96,1.767
83,0.4392223913667389,0.29163345080233716,0.4987287601732635,0.8674141850862793,0.967903051614006,1.466,0.587,0.0,1.262,0.736,2.339,0.9116,0.267,529.06,-0.342
84,0.458325823412998,0.27081500775355327,0.4921369960590062,0.9444515870189198,0.7819884595837335,0.307,0.663,0.0,4.569,0.706,4.137,0.9953,0.714,582.14,-0.281
85,0.47762453887277634,0.4388207047616641,0.6502343357484319,0.8497330522123768,0.32719807993527195,0.58,0.413,0.0,7.619,0.347,3.868,0.0131,0.139,501.72,1.609
86,0.3348644673748277,0.4460803191988971,0.6401252836257307,0.8958557358621498,0.9632033422191979,1.24,0.708,0.0,6.787,0.128,4.981,0.1577,0.631,735.52,0.372
87,0.4987590672707211,0.1912532581388734,0.460145952827969,0.9400229944922104,0.7856836384445921,1.284,0.586,0.0,9.262,0.827,4.184,0.6372,0.657,670.16,-1.503
88,0.3898849540901519,0.3958266890931239,0.5365394794172773,0.8894984161682131,0.8734714817790037,1.941,0.582,0.0,9.671,0.335,3.704,0.3166,0.802,446.11,0.604
89,0.3246222462173807,0.4442436954161284,0.6819933713347868,0.897275984675375,0.9688086282327741,0.188,0.644,0.0,2.231,0.598,3.869,0.4598,0.278,147.49,0.652
90,0.3982803637213995,0.36791382448334786,0.5853561247401335,0.8258208019837231,0.819146128289107,0.604,0.481,0.0,2.909,0.555,4.633,0.8006,0.486,160.03,-0.416
91,0.5418858141397287,0.16996930669852972,0.4236944248408152,0.9215389863366192,0.6161696418776348,0.203,0.683,0.0,1.906,0.501,3.899,0.0809,0.774,561.11,-1.342
92,0.32932876959946783,0.426265997585224,0.7011898505466622,0.8760325992977711,0.9980956461657157,1.392,0.76,0.0,1.913,0.538,3.715,0.1434,0.117,138.24,0.639
93,0.37998229313813436,0.3820289226868592,0.6182483845983309,0.8338633105769035,0.8505937599554618,1.641,0.608,0.0,3.602,0.125,4.65,0.5607,0.625,487.09,-0.568
94,0.4262142472791672,0.3523776449065562,0.510335389789786,0.7445688972587892,0.9530623309238976,0.201,0.716,0.0,2.143,0.2,2.218,0.5774,0.329,392.62,1.281
95,0.4863243642754191,0.2140379193441324,0.46654354308284407,0.927198164240808,0.8039559789074207,1.472,0.592,0.0,1.981,0.797,3.28,0.5263,0.582,222.25,-0.982
96,0.6932273077365154,0.14438212996149102,0.21697905968991915,0.24606086257022297,0.9071105747418178,1.005,0.507,0.0,5.709,0.301,4.979,0.9701,0.167,558.35,-1.548
97,0.4913842009430491,0.2275650545085698,0.4624740936072067,0.8030847140794294,0.7963624375100888,1.934,0.596,0.0,1.747,0.648,3.007,0.8258,0.22,425.15,-1.848
98,0.30990525959445836,0.4531426068504987,0.7761864738706774,0.8910452072442351,0.8478539191695245,1.448,0.459,0.0,8.977,0.3,4.714,0.6852,0.325,309.56,1.751
99,0.5334616288665079,0.13100141054130643,0.41006501919695204,0.889698917269802,0.8484180783078469,1.709,0.485,0.0,6.589,0.801,3.163,0.0144,0.626,742.1,-1.086
100,0.5712758051126644,0.12268280150476307,0.352890382077125,0.7843759122105973,0.7344927300248456,1.772,0.785,0.0,7.826,0.465,2.505,0.2249,0.379,85.53,-1.896
101,0.5041203369800998,0.17788321917329664,0.45084880529597915,0.8171261237293937,0.9247446610281685,0.481,0.76,0.0,2.268,0.791,2.503,0.2573,0.461,129.25,-0.869
102,0.3828789668950367,0.3614723502883541,0.5966820689996801,0.875851474700649,0.975721533907974,1.928,0.645,0.0,7.947,0.179,3.728,0.7578,0.203,696.2,0.13
103,0.44122861807639296,0.32538892075423564,0.5394680449557644,0.8251255837238802,0.7154654286163117,0.1,0.451,0.0,7.261,0.244,4.508,0.9317,0.477,548.87,-0.998
104,0.4207620116430242,0.3312646820091263,0.5463448321670958,0.9286435211138608,0.7762568484653568,1.732,0.502,0.0,3.524,0.684,4.762,0.8429,0.593,556.28,-1.1
105,0.5626731434063754,0.13463037075089912,0.41879849532643787,0.5772212393550831,0.9683361321178936,1.667,0.76,0.0,8.541,0.374,2.229,0.1056,0.256,482.07,-1.054
106,0.3257920644063964,0.42778334242999805,0.7096426926900867,0.8867634820972394,0.9996856353459392,1.238,0.779,0.0,2.632,0.15000000000000002,4.249,0.1388,0.251,692.69,0.772
107,0.42937792132311436,0.4429608701280461,0.4004988158529921,0.745539793244343,0.9450696945690779,0.421,0.406,0.0,6.152,0.372,4.292,0.4609,0.676,696.55,0.985
108,0.4549204360061515,0.2885387696239434,0.5024501715291603,0.7922341353509648,0.8241852004773986,1.574,0.579,0.0,9.92,0.869,3.888,0.5183,0.285,651.33,-1.82
109,0.4841139377054202,0.26336903030225556,0.4008126949460781,0.8314988170535721,0.9138492135112888,1.941,0.414,0.0,5.148,0.378,1.663,0.0032,0.515,288.54,-0.461
110,0.29867094595230753,0.4709051518329527,0.7390611425017368,0.9062616239875144,0.9999164696646712,1.954,0.634,0.0,7.245,0.334,4.747,0.8103,0.259,381.64,1.109
111,0.3559400401277692,0.3934191861108032,0.6611882315289076,0.8559644310990915,0.9426126728010984,0.341,0.669,0.0,4.474,0.695,2.542,0.1592,0.428,308.3,1.19
112,0.37017384707899714,0.37664555187522575,0.6188815013588389,0.8840779047426119,0.9707647802682874,1.924,0.602,0.0,1.881,0.247,2.667,0.5704,0.778,71.64,1.386
113,0.41947909627844804,0.2906436417202638,0.6385639171223211,0.7462746506011961,0.9248214731925459,1.452,0.452,0.0,3.061,0.382,3.941,0.0668,0.102,532.02,1.251
114,0.587722419225266,0.07651093630830574,0.31728663994999606,0.8408852344974445,0.806548515409843,1.71,0.74,0.0,9.116,0.309,1.642,0.5459,0.579,505.5,-1.468
115,0.30861331930836,0.4817250925454585,0.6955282317443762,0.9051756089172645,0.8967279277240765,0.142,0.708,0.0,3.885,0.958,4.165,0.7688,0.124,504.02,1.365
116,0.3398311996216912,0.44617490951942795,0.6302033685193151,0.8640985755920114,0.9999830036604576,1.682,0.737,0.0,2.892,0.461,3.236,0.0469,0.267,505.22,1.025
117,0.45824735887831536,0.2677945061330621,0.5124153802132309,0.7444239465300763,0.9720750672872731,0.74,0.482,0.0,6.38,0.591,1.589,0.8022,0.17,132.6,0.953
118,0.3666765504218528,0.3844557467267603,0.6140394669552653,0.942745941396528,0.9183392230956468,1.076,0.68,0.0,8.817,0.94,4.763,0.0566,0.506,334.88,-0.296
119,0.3374052066408979,0.4217090331605433,0.6674812496276084,0.898118069362091,0.9999336244786837,0.498,0.508,0.0,5.236,0.186,4.072,0.4144,0.406,506.18,0.785
120,0.32631547203256367,0.4213304418696141,0.7425118577610359,0.8950935857180997,0.8826833665102659,0.711,0.506,0.0,5.83,0.247,4.181,0.1847,0.187,342.36,1.306
121,0.30204709014338776,0.4827984894975832,0.7014048176990845,0.9098308466572455,0.9880493898689849,0.607,0.494,0.0,9.349,0.471,4.848,0.8577,0.187,338.25,1.286
122,0.4287500167569222,0.273767788413224,0.5817411453949917,0.8184714578491046,0.9999645161773442,0.709,0.59,0.0,5.638,0.495,2.023,0.1386,0.162,735.68,0.027
123,0.4747644545928198,0.23903370485566,0.5076798986026034,0.7281239781267455,0.9210076362931285,1.772,0.546,0.0,4.003,0.845,1.272,0.8075,0.363,720.01,0.896
124,0.5489790975267962,0.2307634845494002,0.38920465550862315,0.5362039393026681,0.839969869674306,1.752,0.747,0.0,9.398,0.158,4.179,0.9527,0.283,694.66,-1.916
125,0.5761951904850361,0.08497212140288479,0.343088412985163,0.7986806621965004,0.8633791281889192,0.986,0.575,0.0,6.057,0.223,1.752,0.3925,0.49,200.01,-1.339
126,0.3950691019515649,0.3341470616548906,0.6035905824124719,0.8458048483572613,0.9935444115498692,0.994,0.758,0.0,3.345,0.252,1.859,0.847,0.541,678.9,0.302
127,0.3941529627057689,0.3245804179258911,0.6258395703769406,0.8411334112923349,0.9999907019333972,1.696,0.758,0.0,9.647,0.167,2.205,0.7737,0.616,614.62,0.644
128,0.47775369175138566,0.30142004482003626,0.41213815986286306,0.8899435050104345,0.7406037182798048,0.691,0.484,0.0,4.604,0.667,4.726,0.4392,0.68,148.56,-0.359
129,0.4068788779853445,0.3494197208874332,0.5644561888433001,0.8920256500489726,0.8061182985735473,0.705,0.689,0.0,4.717,0.789,4.862,0.9695,0.453,338.01,-1.183
130,0.3470222285427318,0.4465106435034819,0.6458943901740453,0.8769329822094719,0.8134230269350989,0.639,0.557,0.0,9.22,0.37,4.988,0.3981,0.467,54.84,0.112
131,0.4142401464901083,0.31150667461392745,0.5742134386642883,0.8645747792127786,0.8872066025156801,0.835,0.58,0.0,6.936,0.474,3.07,0.7591,0.514,409.75,-0.398
132,0.483973875046532,0.22613626227819073,0.490088360340837,0.8937664768201379,0.7416159435213676,1.705,0.707,0.0,1.985,0.937,4.796,0.9121,0.522,329.78,-1.864
133,0.5908230752737249,0.25869890031645626,0.2444270616796964,0.5140456816225645,0.8007056447364356,1.972,0.589,0.0,8.328,0.999,1.27,0.7852,0.461,554.78,1.273
134,0.5177086354046427,0.34667587970058766,0.2505251970715143,0.7178673937498552,0.9371889277996609,0.118,0.577,0.0,3.853,0.844,4.239,0.1216,0.735,365.65,0.858
135,0.5086456518477639,0.15528892590513754,0.5382657221386697,0.6872750252266789,0.8982682710411746,0.589,0.539,0.0,3.258,0.262,1.156,0.7071,0.341,694.41,1.279
136,0.35514512415227223,0.4363809575934079,0.6121545255943412,0.9295648071629778,0.8226286847704273,0.517,0.625,0.0,8.838,0.645,4.72,0.5839,0.41,172.92,0.052
137,0.4438081638669542,0.257586002483321,0.6027614023015331,0.7191669521180655,0.9956991550792569,0.937,0.482,0.0,7.376,0.126,2.943,0.4969,0.462,376.75,0.356
138,0.38807487099597976,0.43751434109978404,0.7619131336375986,0.9070851027338723,0.5302130573786323,0.383,0.763,0.0,5.503,0.163,4.455,0.4898,0.302,705.3,1.537
139,0.4346617525425755,0.4989422301307189,0.3687758480082386,0.6771940175054066,0.9550908099033513,0.32,0.494,0.0,7.941,0.748,4.869,0.731,0.464,734.31,1.542
140,0.4751296692932111,0.41685507995587334,0.33538494241011696,0.6518310741246659,0.9998074459908084,1.873,0.42,0.0,3.735,0.731,2.682,0.3253,0.492,386.39,0.954
141,0.3274171690853609,0.4448582663798383,0.667108559723439,0.9017415724281338,0.987580803472453,1.668,0.745,0.0,8.911,0.119,4.268,0.6138,0.7,399.75,0.591
142,0.46384330253071726,0.32471934803389957,0.5060944130418531,0.6063076793524809,0.9247530324508174,1.759,0.798,0.0,7.072,0.426,4.841,0.1806,0.273,593.3,0.025
143,0.6209634656385232,0.08120770250609266,0.19281203305124262,0.8104631296920555,0.896430808132483,1.454,0.602,0.0,8.72,0.753,2.173,0.8316,0.72,542.16,-0.859
144,0.35754460141216715,0.3838706170886045,0.6646463736497606,0.8612111136667826,0.9964304295364509,0.501,0.481,0.0,5.426,0.196,3.936,0.6472,0.403,499.43,0.245
145,0.40831074507665055,0.35011609057766435,0.577951916026773,0.8546894458243992,0.7872047460260285,1.251,0.551,0.0,8.377,0.556,3.943,0.7554,0.38,220.76,-0.792
146,0.43425556018437234,0.32183988306869593,0.546982418824228,0.8104264968054425,0.7692460617018897,1.799,0.574,0.0,8.001,0.465,4.235,0.9659,0.551,354.13,-0.602
147,0.5350652158660755,0.15053594564781547,0.42641031316854217,0.8091806782735688,0.7588095795864939,0.653,0.71,0.0,6.544,0.173,2.919,0.2869,0.801,541.02,-1.658
148,0.3350444704396898,0.4172251553121459,0.694499284806808,0.8801636773784951,0.9587539349161757,0.553,0.618,0.0,3.207,0.302,3.709,0.2284,0.448,230.33,0.545
149,0.4511509887449358,0.33095554013896034,0.5390137622250357,0.8457087202171962,0.6391478711765008,0.797,0.629,0.0,4.456,0.253,4.852,0.0776,0.763,213.85,-1.372
150,0.5627580770882957,0.0855575966472295,0.3760604450887475,0.7982902642775492,0.9756213496107514,1.02,0.712,0.0,8.439,0.924,2.337,0.9333,0.465,729.71,-1.746
151,0.5613242646305003,0.18856870904388234,0.30691528310303395,0.6518557624149484,0.9813413465289735,0.748,0.745,0.0,4.976,0.42,1.139,0.2338,0.749,566.36,0.381
152,0.47494086149797354,0.275013351716208,0.4923192265565727,0.7517866245333102,0.7605840439584322,0.669,0.482,0.0,3.177,0.141,4.157,0.2706,0.481,665.91,-1.899
153,0.4301031382590449,0.32815904311138877,0.5307703135118225,0.9315635931970166,0.7475628269247676,0.118,0.753,0.0,3.418,0.685,4.579,0.6078,0.566,274.79,-1.013
154,0.42773968363586784,0.28113465870158183,0.5709726816016514,0.8240116689370557,0.9935784499410656,1.181,0.678,0.0,8.789,0.765,2.38,0.1799,0.367,240.52,-0.086
155,0.5290451439313679,0.20140616412503898,0.43182988364011965,0.8597899358668313,0.626734947572994,1.996,0.602,0.0,7.909,0.215,3.619,0.3691,0.794,170.39,-1.748
156,0.28086530748174615,0.5004490779520785,0.7930878718042206,0.9228481462733075,0.8687554849132239,1.644,0.674,0.0,9.067,0.48,4.122,0.136,0.22,122.77,1.598
157,0.38041807379047665,0.41248637090080653,0.5580401567293716,0.8041368140521307,0.9970865115285081,1.247,0.693,0.0,6.803,0.388,2.527,0.81,0.364,137.01,1.269
158,0.582007674816368,0.09962970932853155,0.3493991949166294,0.6723203841211791,0.8833392284477167,0.524,0.56,0.0,9.782,0.711,2.59,0.0491,0.399,584.4,-1.549
159,0.3390427050739605,0.505444678122307,0.5700004077949395,0.8263207422433763,0.9877230628202405,1.003,0.713,0.0,5.74,0.41,4.11,0.7506,0.576,226.33,1.556
160,0.5049900887748638,0.19556393173533904,0.44405215751171834,0.8713071644045136,0.7825081113758698,1.009,0.667,0.0,4.816,0.199,2.695,0.7389,0.755,315.68,-1.066
161,0.4501006504624493,0.4384311459920964,0.38787314711169363,0.6620587423389563,0.9219024536962941,0.704,0.659,0.0,6.686,0.299,2.999,0.5349,0.726,630.34,1.44
162,0.5198638629416613,0.17471848715774052,0.41932420041767304,0.7750991843481744,0.8896396473824666,1.562,0.688,0.0,3.995,0.683,2.303,0.5328,0.274,108.26,-1.194
163,0.5206729524282233,0.20179321892139668,0.4227181228486965,0.6623772558708729,0.9951270993431449,1.665,0.666,0.0,9.896,0.567,1.159,0.2931,0.542,173.13,1.153
164,0.45974567340007777,0.22582116121108686,0.5868168357906625,0.7262197960515298,0.9791305210484923,1.336,0.46,0.0,9.663,0.845,2.058,0.1796,0.146,482.6,0.045
165,0.49592935786060727,0.1986302179438364,0.49788842954184565,0.7019207695253511,0.9750414837964884,1.524,0.432,0.0,9.59,0.658,2.275,0.1834,0.196,180.68,-0.753
166,0.31792325168290475,0.45500347403753816,0.687192077628934,0.902890316694709,0.9993103322414169,1.94,0.702,0.0,4.32,0.845,3.216,0.4397,0.19,202.39,0.687
167,0.42658607725553394,0.3115710687018841,0.5165031521351103,0.8581977790285047,0.9904469891103097,0.692,0.723,0.0,2.253,0.172,2.647,0.2501,0.585,494.66,0.082
168,0.3020925056032595,0.47171004877926614,0.7199387681465105,0.9133131437897055,0.9994079029659085,0.727,0.699,0.0,3.482,0.292,4.899,0.6649,0.281,302.46,0.932
169,0.4334813786367309,0.2952726780111933,0.5395033596304937,0.7928125639447777,0.9998137449359527,0.714,0.4,0.0,8.228,0.587,1.744,0.4212,0.32,205.78,0.503
170,0.4524532351220611,0.3158996355822725,0.5255398084928842,0.8379682319652664,0.6845706987044828,0.169,0.546,0.0,1.325,0.615,4.863,0.8328,0.457,679.2,-1.479
171,0.4497616456933369,0.27425581385071884,0.5886076337770763,0.6635623867831257,0.998107529638512,0.909,0.71,0.0,2.429,0.381,3.674,0.3443,0.244,465.69,1.007
172,0.32199305395742217,0.4711145683179544,0.6459096161855762,0.9111712306675709,0.9584337015017458,0.542,0.572,0.0,4.519,0.434,3.946,0.9527,0.532,476.16,0.9
173,0.6060632761841336,0.07126218211007418,0.3566006860599821,0.5611202974739475,0.989101646482219,1.391,0.663,0.0,2.888,0.147,2.108,0.804,0.116,381.41,-1.758
174,0.5607807329974271,0.11320714446146163,0.372318034907944,0.8109783328655207,0.795586904963971,0.644,0.619,0.0,9.738,0.201,2.466,0.2007,0.369,674.79,-1.948
175,0.4421536755508187,0.3364695811756221,0.5333573994014226,0.806484057557362,0.7058518437347016,0.793,0.68,0.0,8.661,0.179,4.95,0.3113,0.73,304.39,-1.45
176,0.5139250518161632,0.25526024056238905,0.3377783492198395,0.7485484380698076,0.9914487725641629,0.97,0.403,0.0,6.065,0.741,1.757,0.2161,0.385,339.34,-0.082
177,0.5522958204832722,0.18448791491106398,0.28631582854344695,0.7864011223774858,0.9903483028520922,1.36,0.433,0.0,6.458,0.842,2.014,0.5737,0.67,746.36,-0.293
178,0.5212011258664127,0.16407223227418666,0.5700923478283493,0.6914655963974975,0.6716508657533723,0.996,0.584,0.0,3.394,0.461,2.185,0.4751,0.122,79.56,1.712
179,0.5274188930355748,0.15451853784849867,0.422896242644887,0.8633271501942719,0.7852544821090903,1.315,0.427,0.0,6.391,0.399,2.301,0.0353,0.582,364.79,-1.373
180,0.44177631038787685,0.25233390996403304,0.5702997745292271,0.8080881088265314,0.9862816274062206,0.763,0.524,0.0,8.746,0.181,2.458,0.4852,0.541,318.65,-0.052
181,0.6474373047490188,0.394915510634853,0.2121465588893432,0.43961751776249247,0.38694906901315185,0.741,0.409,0.0,3.848,0.299,2.272,0.2557,0.734,558.29,1.721
182,0.48142265711816995,0.19917027085345873,0.508974187254513,0.7887597133944692,0.9962534556721265,1.124,0.614,0.0,8.008,0.468,1.317,0.2025,0.263,725.43,-0.227
183,0.34230496567289476,0.40115778208277997,0.7138086755331636,0.8321645605221515,0.9978675852967005,1.609,0.606,0.0,5.253,0.632,3.849,0.0472,0.234,681.2,0.871
184,0.5835504873349362,0.1121181411115898,0.4343674632850809,0.6198968051329825,0.6692857965046575,1.242,0.521,0.0,6.29,0.471,1.068,0.1494,0.529,568.42,1.571
185,0.43362884623220305,0.3315120041372256,0.4615731533489299,0.8988492649270097,0.9284125421205879,0.116,0.65,0.0,2.884,0.859,3.746,0.973,0.664,497.25,0.598
186,0.3798564198565087,0.36788785553336967,0.6559163788709992,0.7566807032178801,0.9998691305092489,0.523,0.619,0.0,8.355,0.526,4.434,0.9291,0.275,537.26,1.098
187,0.521552066220481,0.17358595574821978,0.4123863444489153,0.756180985089528,0.9808026471406335,1.109,0.598,0.0,9.766,0.914,1.21,0.1948,0.346,527.03,-0.145
188,0.4123791323287797,0.3285482580261472,0.5401736911534014,0.883020106785503,0.9347755904797536,1.251,0.734,0.0,6.43,0.342,3.123,0.0721,0.164,148.49,-0.042
189,0.4191477500851145,0.3187636112915109,0.6128710349361641,0.7297100100012801,0.8745774580860124,1.431,0.42,0.0,9.944,0.841,4.071,0.9652,0.258,560.63,1.797
190,0.3489216867521034,0.3808044381335105,0.7085258004786672,0.8667882172620537,0.9703412397131872,0.665,0.701,0.0,2.29,0.199,2.909,0.5043,0.449,409.68,1.109
191,0.5381245142882097,0.17665986797904099,0.4376450788288907,0.5948127701723138,0.9981972425016331,0.115,0.452,0.0,8.788,0.928,3.887,0.8474,0.26,653.19,1.341
192,0.45360695350686986,0.2533065289767178,0.5224205007539282,0.8065995033355351,0.999943430160037,0.983,0.496,0.0,4.983,0.561,1.691,0.9761,0.309,396.32,0.064
193,0.6466561559148294,0.08904190887935315,0.3192552518325338,0.38426372303468936,0.9836440462425697,0.744,0.721,0.0,1.254,0.252,3.151,0.3471,0.125,501.56,-0.817
194,0.49473002781372655,0.22237082417830023,0.45829130452302036,0.8286739096251071,0.773012937384904,0.267,0.666,0.0,9.744,0.841,3.571,0.1871,0.407,218.19,-1.98
195,0.5071227522917441,0.20810522154557987,0.48007407081263387,0.6403093650925809,0.9564537172310797,0.381,0.623,0.0,7.058,0.466,2.96,0.4894,0.304,588.84,-0.375
196,0.6862157979405008,0.11971368473458965,0.2373207717869611,0.27551403974931943,0.9541199740526227,1.931,0.499,0.0,2.561,0.494,4.286,0.414,0.101,176.49,-1.108
197,0.3577173844367633,0.4432272867965361,0.572509553226203,0.8716957567467596,0.9486094033356051,1.285,0.785,0.0,8.686,0.148,4.924,0.9875,0.685,296.8,0.79
198,0.4180537366551153,0.2896915208326305,0.6160257672700578,0.7829717385042058,0.999693961241165,0.362,0.449,0.0,9.306,0.58,2.514,0.9533,0.349,548.86,0.519
199,0.5138611526584735,0.16138021513132472,0.4434446237396642,0.7943119120280282,0.9705293893014194,0.139,0.462,0.0,2.466,0.281,1.518,0.8871,0.491,581.02,0.072
200,0.36426825949234515,0.4063090718503636,0.6342229596374098,0.8493954122017665,0.8522774350179991,1.612,0.792,0.0,3.928,0.411,4.158,0.9058,0.376,393.08,-0.363
201,0.5848679357994124,0.06281974191234996,0.34460943028228763,0.825066437242968,0.8272671921664781,0.766,0.445,0.0,1.855,0.694,2.406,0.5066,0.584,462.7,-1.456
202,0.5359416585401474,0.12394658085000665,0.4233684027669259,0.9334803405139896,0.7889659074818456,0.764,0.572,0.0,2.342,0.81,3.287,0.6193,0.644,92.65,-0.927
203,0.45499521700918616,0.47003765774533945,0.34326543753453387,0.6601960923010813,0.9786569783597256,0.379,0.497,0.0,2.553,0.546,4.13,0.915,0.592,276.49,1.424
204,0.48609680881177925,0.43303952463931694,0.30502410495245935,0.6296490067106975,0.9402932449444213,1.229,0.73,0.0,6.521,0.915,2.722,0.4652,0.593,125.2,1.446
205,0.389480674907045,0.4982721733602634,0.5311037898386148,0.7633174380900856,0.7186324797287271,0.308,0.66,0.0,6.344,0.269,4.148,0.3955,0.721,419.42,1.827
206,0.5192544081138288,0.14363701951119257,0.5142133687782715,0.6872720687815002,0.8934373564848416,0.289,0.425,0.0,4.622,0.745,1.153,0.8269,0.23,233.45,1.08
207,0.5765864313963257,0.08822923545651706,0.4676811783369619,0.5374116219598819,0.9663787416850663,0.757,0.503,0.0,8.666,0.241,2.055,0.2657,0.169,172.38,0.774
208,0.3511119011004583,0.4328385729955414,0.6022342721571812,0.8950716538543297,0.9528974308069585,0.151,0.769,0.0,4.425,0.276,4.385,0.6433,0.295,438.3,0.809
209,0.48239949338629695,0.35053081006655895,0.7104832197485851,0.8457111230224452,0.36643719127581154,0.479,0.49,0.0,5.156,0.235,2.652,0.3779,0.27,507.34,1.596
210,0.41233060426007256,0.3502955770313164,0.5846042526309158,0.7124413183376643,0.9479745323794623,0.331,0.642,0.0,2.941,0.168,4.803,0.7382,0.247,439.46,-0.301
211,0.3735851403454106,0.47253586849399276,0.5289121219065474,0.7688384538704709,0.9315487836000849,1.972,0.678,0.0,8.683,0.426,3.329,0.5381,0.503,542.06,1.496
212,0.5699532756145317,0.12484835496400049,0.2973375716693607,0.8203694727481495,0.9134267407484706,1.557,0.467,0.0,3.188,0.685,1.511,0.7609,0.533,102.06,-0.542
213,0.4849007899429221,0.31057259396029213,0.3673150512737995,0.8276214810934277,0.8123824154687501,1.528,0.449,0.0,1.942,0.334,3.091,0.6457,0.858,259.63,-0.122
214,0.30464690773809294,0.48016612824371485,0.6972043002409529,0.9037875790693203,0.9916553239436554,0.927,0.423,0.0,5.582,0.805,3.85,0.746,0.195,616.66,0.921
215,0.538024357454884,0.13589943392452597,0.415733469179848,0.8461980036234923,0.78508463191062,1.914,0.542,0.0,9.205,0.2,2.392,0.3846,0.775,743.27,-1.506
216,0.46884182762441146,0.2528196833738622,0.4968913683415187,0.8232665909113195,0.8086385132011107,0.885,0.615,0.0,8.974,0.594,2.926,0.1993,0.222,352.43,-1.477
217,0.4583309017385311,0.26776114045716926,0.5071936541475346,0.8616133941141273,0.7948508656412044,1.08,0.442,0.0,5.604,0.151,3.383,0.8674,0.9,582.84,-1.126
218,0.4607497107257989,0.29689618239956783,0.5017998044443492,0.737552447821572,0.8057731920789757,1.569,0.544,0.0,2.744,0.548,3.862,0.4437,0.195,129.61,-1.308
219,0.5144411663535218,0.4481951973575684,0.22818188003975082,0.6020202791992475,0.9956129885096976,1.939,0.584,0.0,3.659,0.599,3.793,0.9307,0.733,234.6,1.433
220,0.36259720579122495,0.3951192791670537,0.618470983975058,0.8984410121719933,0.935597903159747,1.528,0.564,0.0,8.989,0.252,3.699,0.5431,0.519,454.98,0.213
221,0.39443861311850575,0.5302592986882395,0.461565848818407,0.7069144497325823,0.839188070491213,0.682,0.741,0.0,1.917,0.544,4.452,0.7469,0.592,486.66,1.921
222,0.4566348802444416,0.28855690780329213,0.5236164451256651,0.7264438057771341,0.8383333700586237,1.235,0.55,0.0,2.943,0.198,3.927,0.9565,0.257,425.08,-1.437
223,0.6304512507949661,0.3168128125728782,0.6062597096214334,0.8006001982571878,0.036496658932260284,0.192,0.591,0.0,2.038,0.829,2.136,0.9917,0.446,567.61,1.933
224,0.49188208699251956,0.23352960226316222,0.40323272587005543,0.9064592421329961,0.8757662422898588,0.15,0.715,0.0,5.493,0.93,2.942,0.3978,0.607,317.0,-0.545
225,0.3204406457889941,0.4398701534651517,0.7115640104755355,0.8825781143401515,0.9995930225484962,1.841,0.521,0.0,4.084,0.228,4.501,0.5212,0.147,150.16,0.837
226,0.5129856254693418,0.21669667025795347,0.4567840452335158,0.6501023464911181,0.8532316112923992,0.67,0.65,0.0,1.03,0.348,3.221,0.4419,0.226,619.04,-1.862
227,0.35467727872432997,0.38790293143807575,0.6640524455136922,0.8790557056505828,0.9678630254990612,0.878,0.554,0.0,4.467,0.488,3.366,0.2345,0.533,542.27,0.759
228,0.3743040373888797,0.38794924810496134,0.5948984651293726,0.8918055723653981,0.9000268085861821,1.209,0.632,0.0,8.191,0.196,4.118,0.2105,0.557,532.9,-0.184
229,0.41373276104882184,0.3979563036137794,0.49637458689022285,0.7381560652811399,0.99353663996871,1.447,0.401,0.0,9.469,0.592,2.273,0.3118,0.535,692.67,1.202
230,0.4968815025919355,0.22941479590885405,0.4687342599625871,0.7891350433715905,0.7410481951472743,1.401,0.476,0.0,2.474,0.184,3.446,0.0412,0.488,344.83,-1.907
231,0.6828213993868276,0.033310090564559025,0.07171316416720974,0.7509952012656314,0.9177137103470805,0.1,0.467,0.0,9.418,0.969,1.976,0.8488,0.564,387.96,-0.706
232,0.4411719586672802,0.3053181036170465,0.5436968844931636,0.7919922486605989,0.7891254082243158,1.941,0.733,0.0,5.172,0.536,3.545,0.7563,0.419,364.02,-1.113
233,0.46640974516160344,0.25331786108495036,0.5184711809880636,0.7421009110813855,0.8806851168210252,0.908,0.767,0.0,5.57,0.14,3.268,0.7878,0.499,336.63,-1.054
234,0.39635886516242935,0.35670956910364715,0.56082430321325,0.9031282736326101,0.8890072188335907,1.75,0.673,0.0,2.858,0.563,3.085,0.0108,0.435,521.43,-0.407
235,0.509113334729648,0.22402185209039183,0.4589210410186767,0.8390962109134203,0.6594313649641033,1.751,0.492,0.0,6.153,0.211,3.645,0.1749,0.662,435.04,-1.826
236,0.4312426090230831,0.3013199851536972,0.5410643155636875,0.8263701050217099,0.8776983838074315,0.71,0.751,0.0,5.988,0.742,4.292,0.7862,0.484,703.64,-1.243
237,0.43012799026986315,0.28855854522670044,0.6046697935773426,0.7219052943273937,0.9836057616492071,1.525,0.48,0.0,3.343,0.691,3.187,0.7275,0.273,486.61,1.164
238,0.5464337800637846,0.13836526389758952,0.4130850149523905,0.8427601706861515,0.7123343574132779,1.237,0.465,0.0,7.379,0.288,2.647,0.669,0.638,477.33,-1.925
239,0.3720197213754978,0.4425419729657889,0.5466238533793729,0.826634781937055,0.9149717029115834,0.921,0.785,0.0,7.629,0.833,3.222,0.1367,0.591,643.74,1.521
240,0.42808251579030177,0.3060756293693282,0.5320099312247581,0.8869213219302479,0.8596930606135833,0.334,0.72,0.0,6.419,0.823,4.709,0.6887,0.556,447.19,0.033
241,0.42138355304942,0.29895787387120787,0.553600682857857,0.9224726533076275,0.8837524508434469,1.417,0.479,0.0,5.361,0.881,4.425,0.5082,0.527,658.49,-1.342
242,0.44404590432372815,0.25157947789847457,0.562199861277094,0.8078937659052066,0.9998733504415808,0.716,0.595,0.0,4.526,0.37,1.742,0.7298,0.245,316.08,0.247
243,0.3015736599008768,0.4857884192764974,0.6996094469581265,0.9050086635745832,0.9892621565858719,0.644,0.41,0.0,4.63,0.775,4.879,0.3703,0.193,513.23,0.465
244,0.35046985204885334,0.38662183319631727,0.6956871983056033,0.8500754250174238,0.9998161241319813,0.508,0.46,0.0,3.712,0.368,3.501,0.9507,0.285,744.55,0.488
245,0.36658105837544397,0.38387697423904876,0.6191152621553797,0.8997005943124636,0.9472178793380298,1.654,0.511,0.0,9.241,0.777,3.474,0.5969,0.419,662.99,-0.253
246,0.4448407701438175,0.278629366460336,0.5227056595349862,0.8597209432651247,0.8461508823658598,1.413,0.698,0.0,1.319,0.863,3.315,0.5717,0.403,88.49,-0.884
247,0.5009682980695701,0.47950589402604216,0.5596698216176331,0.7641280176489598,0.3047039693218432,0.247,0.766,0.0,2.29,0.678,3.0,0.2452,0.345,205.63,1.819
248,0.35205604740328256,0.38361368210394986,0.7191649322965709,0.8257564328537151,0.9186821469811988,1.446,0.792,0.0,7.938,0.345,3.575,0.0994,0.39,650.18,1.579
249,0.44037633614018046,0.2939077080319349,0.49413990499558824,0.8815919009358772,0.914888124739083,0.41,0.416,0.0,8.226,0.204,3.105,0.4542,0.732,730.96,-0.294
250,0.38969386131477746,0.39301897501358984,0.5839218517998563,0.9397176321928399,0.7504719089680832,0.632,0.601,0.0,9.294,0.502,4.58,0.2167,0.583,99.42,-0.197
251,0.34114236293251654,0.42143001738585106,0.6558142006419223,0.8947428835524291,0.9649814717046777,1.892,0.474,0.0,7.426,0.35,3.817,0.1557,0.285,552.17,0.308
252,0.39094660689153576,0.39748634029168683,0.52743585260703,0.875899432320974,0.901936432221677,1.48,0.42,0.0,5.43,0.267,3.568,0.4588,0.75,429.44,0.372
253,0.42317026928626217,0.3048199763285474,0.5460688577611317,0.8359061770606205,0.9939355710701638,1.492,0.42,0.0,1.618,0.574,1.491,0.4447,0.309,229.67,0.168
254,0.6352454232418502,0.001600974846639791,0.25917839015714794,0.818029657390867,0.8118072414457731,0.657,0.668,0.0,4.589,0.645,1.546,0.409,0.497,218.14,-1.95
255,0.49395824751410705,0.2063666092031844,0.49925731841036813,0.6926757884883252,0.9694445092604898,0.237,0.635,0.0,9.701,0.62,2.444,0.0076,0.133,213.81,-0.653
256,0.37433785362204347,0.39470109892894534,0.5827460839371645,0.8607560751926135,0.9747244403806659,0.101,0.442,0.0,8.011,0.128,3.586,0.9536,0.798,694.29,1.23
257,0.5620961552102677,0.1458465512689885,0.29846395774987367,0.8118063472567404,0.9183877011672926,0.223,0.69,0.0,8.31,0.609,1.666,0.91,0.618,257.66,-0.304
258,0.42826257549430824,0.30764645273671565,0.5532303164770193,0.8373551500339578,0.8319958258485267,1.183,0.419,0.0,4.758,0.448,3.914,0.1498,0.593,732.17,-0.295
259,0.39906137376279033,0.3745720484339252,0.5989618769267033,0.7084949096907998,0.9942551167707493,0.415,0.482,0.0,8.981,0.783,4.87,0.9983,0.152,687.41,0.003
260,0.4152816980607026,0.31471270298020015,0.6085690472171609,0.7411735901731342,0.9972478554411219,1.698,0.581,0.0,3.926,0.184,3.468,0.7494,0.129,104.78,0.283
261,0.5999186141096088,0.20321894991902,0.3026333691443741,0.447118622198895,0.8870783603446596,0.133,0.737,0.0,3.795,0.76,4.41,0.104,0.219,105.05,-1.703
262,0.5475762458143302,0.15137330143057748,0.4198236718455858,0.9017764821673858,0.6353916139342475,0.631,0.45,0.0,3.455,0.416,3.275,0.5401,0.709,489.19,-1.993
263,0.4287126437219948,0.336976350673339,0.48733262820925705,0.8903258271161445,0.8560503362790329,1.271,0.652,0.0,1.987,0.271,3.133,0.6743,0.673,170.67,-0.022
264,0.3960415422630495,0.3302104854262714,0.6577592484281343,0.8235046649181865,0.8253624220926349,1.567,0.605,0.0,8.386,0.836,2.161,0.7437,0.126,281.04,1.076
265,0.37451734989279273,0.39547914240804427,0.6032589614686484,0.8054922136007092,0.9807442581477379,1.603,0.52,0.0,2.818,0.184,2.182,0.3353,0.621,636.55,1.194
